"TF-Condition-#","Start Position","End Position","MACE S/N","Closest gene","Operon"
"GyrA-expo-1","1459","1490","1.19","thrA",""
"GyrA-expo-2","10131","10158","1.73","satP","<a href=""http://regulondb.ccg.unam.mx/search?term=ECK120026508&organism=ECK12&type=All#OPERON"" target=""_blank"">satP</a>"
"GyrA-expo-3","10198","10222","1.96","satP","<a href=""http://regulondb.ccg.unam.mx/search?term=ECK120026508&organism=ECK12&type=All#OPERON"" target=""_blank"">satP</a>"
"GyrA-expo-4","10750","10781","1.27","yaaW","<a href=""http://regulondb.ccg.unam.mx/search?term=ECK120026508&organism=ECK12&type=All#OPERON"" target=""_blank"">satP</a>"
"GyrA-expo-5","11179","11205","1.69","yaaW","<a href=""http://regulondb.ccg.unam.mx/search?term=ECK120026509&organism=ECK12&type=All#OPERON"" target=""_blank"">yaaW</a>"
"GyrA-expo-6","15136","15170","1.38","dnaJ","<a href=""http://regulondb.ccg.unam.mx/search?term=ECK120026510&organism=ECK12&type=All#OPERON"" target=""_blank"">insL1</a>"
"GyrA-expo-7","20081","20115","0.92","insB1","<a href=""http://regulondb.ccg.unam.mx/search?term=ECK120026513&organism=ECK12&type=All#OPERON"" target=""_blank"">insB1</a>"
"GyrA-expo-8","30016","30050","0.88","carA","<a href=""http://regulondb.ccg.unam.mx/search?term=ECK120009302&organism=ECK12&type=All#OPERON"" target=""_blank"">carB,carA</a>"
"GyrA-expo-9","32769","32791","1.31","carB",""
"GyrA-expo-10","33070","33101","1.96","carB",""
"GyrA-expo-11","33507","33550","1","carB",""
"GyrA-expo-12","35629","35654","1.04","caiD","<a href=""http://regulondb.ccg.unam.mx/search?term=ECK120033587&organism=ECK12&type=All#OPERON"" target=""_blank"">caiD,caiE</a>"
"GyrA-expo-13","39211","39233","1.38","caiB","<a href=""http://regulondb.ccg.unam.mx/search?term=ECK120009437&organism=ECK12&type=All#OPERON"" target=""_blank"">caiD,caiC,caiE,caiB</a>"
"GyrA-expo-14","47740","47776","1.35","kefF","<a href=""http://regulondb.ccg.unam.mx/search?term=ECK120026517&organism=ECK12&type=All#OPERON"" target=""_blank"">kefF,kefC</a>"
"GyrA-expo-15","48968","48994","1.42","kefC",""
"GyrA-expo-16","66799","66832","1.23","araD","<a href=""http://regulondb.ccg.unam.mx/search?term=ECK120009405&organism=ECK12&type=All#OPERON"" target=""_blank"">araD</a>"
"GyrA-expo-17","73110","73158","1","thiP","<a href=""http://regulondb.ccg.unam.mx/search?term=ECK120026522&organism=ECK12&type=All#OPERON"" target=""_blank"">thiP,thiQ</a>"
"GyrA-expo-18","78026","78064","1.08","setA","<a href=""http://regulondb.ccg.unam.mx/search?term=ECK120026523&organism=ECK12&type=All#OPERON"" target=""_blank"">setA</a>"
"GyrA-expo-19","101581","101617","1.5","murC",""
"GyrA-expo-20","107380","107409","1.27","lpxC","<a href=""http://regulondb.ccg.unam.mx/search?term=ECK120009022&organism=ECK12&type=All#OPERON"" target=""_blank"">mutT,secM,secA</a>"
"GyrA-expo-21","110440","110467","2.15","secA",""
"GyrA-expo-22","110866","110894","1.19","secA","<a href=""http://regulondb.ccg.unam.mx/search?term=ECK120009022&organism=ECK12&type=All#OPERON"" target=""_blank"">mutT,secA</a>"
"GyrA-expo-23","110956","110982","1.5","secA","<a href=""http://regulondb.ccg.unam.mx/search?term=ECK120009022&organism=ECK12&type=All#OPERON"" target=""_blank"">mutT,secA</a>"
"GyrA-expo-24","111536","111546","1","guaC",""
"GyrA-expo-25","116308","116338","1.15","hofB",""
"GyrA-expo-26","119989","120015","1.27","ampE",""
"GyrA-expo-27","129988","130015","1.69","yacH",""
"GyrA-expo-28","130038","130065","1.08","yacH",""
"GyrA-expo-29","133815","133842","1.62","acnB",""
"GyrA-expo-30","134224","134259","1.04","yacL","<a href=""http://regulondb.ccg.unam.mx/search?term=ECK120026530&organism=ECK12&type=All#OPERON"" target=""_blank"">yacL</a>"
"GyrA-expo-31","141025","141051","1.69","gcd","<a href=""http://regulondb.ccg.unam.mx/search?term=ECK120010904&organism=ECK12&type=All#OPERON"" target=""_blank"">hpt</a>,<a href=""http://regulondb.ccg.unam.mx/search?term=ECK120008966&organism=ECK12&type=All#OPERON"" target=""_blank"">gcd</a>"
"GyrA-expo-32","141131","141164","1.42","gcd","<a href=""http://regulondb.ccg.unam.mx/search?term=ECK120010904&organism=ECK12&type=All#OPERON"" target=""_blank"">hpt</a>,<a href=""http://regulondb.ccg.unam.mx/search?term=ECK120008966&organism=ECK12&type=All#OPERON"" target=""_blank"">gcd</a>"
"GyrA-expo-33","145442","145469","1.15","yadE","<a href=""http://regulondb.ccg.unam.mx/search?term=ECK120026532&organism=ECK12&type=All#OPERON"" target=""_blank"">yadE</a>"
"GyrA-expo-34","172781","172804","1.42","fhuB",""
"GyrA-expo-35","185415","185441","2","dapD","<a href=""http://regulondb.ccg.unam.mx/search?term=ECK120026541&organism=ECK12&type=All#OPERON"" target=""_blank"">yaeI</a>"
"GyrA-expo-36","185602","185624","1.23","dapD","<a href=""http://regulondb.ccg.unam.mx/search?term=ECK120011051&organism=ECK12&type=All#OPERON"" target=""_blank"">dapD</a>"
"GyrA-expo-37","191252","191277","1.08","tsf","<a href=""http://regulondb.ccg.unam.mx/search?term=ECK120009533&organism=ECK12&type=All#OPERON"" target=""_blank"">tsf</a>"
"GyrA-expo-38","199504","199539","1.12","bamA",""
"GyrA-expo-39","209596","209606","1.5","ldcC","<a href=""http://regulondb.ccg.unam.mx/search?term=ECK120008926&organism=ECK12&type=All#OPERON"" target=""_blank"">ldcC</a>"
"GyrA-expo-40","212937","212967","1.31","tilS",""
"GyrA-expo-41","213367","213395","1.42","tilS",""
"GyrA-expo-42","213748","213774","1.15","rof","<a href=""http://regulondb.ccg.unam.mx/search?term=ECK120026549&organism=ECK12&type=All#OPERON"" target=""_blank"">rof</a>"
"GyrA-expo-43","226927","226960","1.12","dkgB",""
"GyrA-expo-44","229713","229745","1.5","dkgB",""
"GyrA-expo-45","230010","230041","2.73","yafC",""
"GyrA-expo-46","231452","231478","1.58","yafD","<a href=""http://regulondb.ccg.unam.mx/search?term=ECK120026555&organism=ECK12&type=All#OPERON"" target=""_blank"">yafE,yafD</a>"
"GyrA-expo-47","232398","232442","0.92","yafE","<a href=""http://regulondb.ccg.unam.mx/search?term=ECK120026555&organism=ECK12&type=All#OPERON"" target=""_blank"">yafE</a>"
"GyrA-expo-48","235804","235841","1.5","rnhA","<a href=""http://regulondb.ccg.unam.mx/search?term=ECK120026558&organism=ECK12&type=All#OPERON"" target=""_blank"">dnaQ</a>,<a href=""http://regulondb.ccg.unam.mx/search?term=ECK120009166&organism=ECK12&type=All#OPERON"" target=""_blank"">rnhA</a>"
"GyrA-expo-49","241516","241546","1.38","fadE",""
"GyrA-expo-50","244649","244690","0.85","yafJ","<a href=""http://regulondb.ccg.unam.mx/search?term=ECK120026562&organism=ECK12&type=All#OPERON"" target=""_blank"">yafJ</a>"
"GyrA-expo-51","244691","244715","1.46","yafJ","<a href=""http://regulondb.ccg.unam.mx/search?term=ECK120026562&organism=ECK12&type=All#OPERON"" target=""_blank"">yafJ</a>"
"GyrA-expo-52","263981","264006","1.31","yafW","<a href=""http://regulondb.ccg.unam.mx/search?term=ECK120033757&organism=ECK12&type=All#OPERON"" target=""_blank"">yafW,ykfI</a>"
"GyrA-expo-53","279465","279490","1.08","insB1","<a href=""http://regulondb.ccg.unam.mx/search?term=ECK120026513&organism=ECK12&type=All#OPERON"" target=""_blank"">insB1</a>,insI1,afuB,afuC"
"GyrA-expo-54","302160","302172","3.42","paoA","<a href=""http://regulondb.ccg.unam.mx/search?term=ECK120026591&organism=ECK12&type=All#OPERON"" target=""_blank"">paoD,paoA,paoB,paoC</a>"
"GyrA-expo-55","316105","316146","0.96","insF1",""
"GyrA-expo-56","392457","392484","1.23","insF1","<a href=""http://regulondb.ccg.unam.mx/search?term=ECK120026597&organism=ECK12&type=All#OPERON"" target=""_blank"">insF1</a>"
"GyrA-expo-57","404622","404652","1.38","yaiC",""
"GyrA-expo-58","429490","429517","1.38","secD","<a href=""http://regulondb.ccg.unam.mx/search?term=ECK120009834&organism=ECK12&type=All#OPERON"" target=""_blank"">secD,secF</a>"
"GyrA-expo-59","433732","433769","1.15","ribD","<a href=""http://regulondb.ccg.unam.mx/search?term=ECK120026634&organism=ECK12&type=All#OPERON"" target=""_blank"">nusB,ribE,thiL,pgpA,ribD</a>"
"GyrA-expo-60","435863","435888","1.46","thiL","<a href=""http://regulondb.ccg.unam.mx/search?term=ECK120033555&organism=ECK12&type=All#OPERON"" target=""_blank"">pgpA,thiL</a>"
"GyrA-expo-61","436418","436446","1.38","thiL","<a href=""http://regulondb.ccg.unam.mx/search?term=ECK120033555&organism=ECK12&type=All#OPERON"" target=""_blank"">pgpA,thiL</a>"
"GyrA-expo-62","437473","437502","1.38","yajO",""
"GyrA-expo-63","447123","447149","1.23","cyoE","<a href=""http://regulondb.ccg.unam.mx/search?term=ECK120026637&organism=ECK12&type=All#OPERON"" target=""_blank"">yajR</a>"
"GyrA-expo-64","449147","449176","1.15","cyoB","<a href=""http://regulondb.ccg.unam.mx/search?term=ECK120009294&organism=ECK12&type=All#OPERON"" target=""_blank"">cyoD,cyoE,cyoC,cyoB</a>"
"GyrA-expo-65","462279","462299","1.08","ppiD","<a href=""http://regulondb.ccg.unam.mx/search?term=ECK120011115&organism=ECK12&type=All#OPERON"" target=""_blank"">ppiD</a>"
"GyrA-expo-66","463958","463985","1.46","ybaV","<a href=""http://regulondb.ccg.unam.mx/search?term=ECK120026642&organism=ECK12&type=All#OPERON"" target=""_blank"">fadM,ybaV</a>"
"GyrA-expo-67","470245","470262","2.58","mdlA","<a href=""http://regulondb.ccg.unam.mx/search?term=ECK120026648&organism=ECK12&type=All#OPERON"" target=""_blank"">mdlB,mdlA</a>"
"GyrA-expo-68","471733","471764","1.12","mdlB",""
"GyrA-expo-69","471994","472021","1.69","mdlB",""
"GyrA-expo-70","473865","473894","1.35","amtB",""
"GyrA-expo-71","479520","479555","1.38","maa","<a href=""http://regulondb.ccg.unam.mx/search?term=ECK120026653&organism=ECK12&type=All#OPERON"" target=""_blank"">maa,ylaC</a>"
"GyrA-expo-72","494534","494561","1.19","recR","<a href=""http://regulondb.ccg.unam.mx/search?term=ECK120010925&organism=ECK12&type=All#OPERON"" target=""_blank"">recR</a>"
"GyrA-expo-73","498152","498179","1.27","hemH","<a href=""http://regulondb.ccg.unam.mx/search?term=ECK120026661&organism=ECK12&type=All#OPERON"" target=""_blank"">hemH</a>"
"GyrA-expo-74","556362","556382","1.04","ybcI","<a href=""http://regulondb.ccg.unam.mx/search?term=ECK120026674&organism=ECK12&type=All#OPERON"" target=""_blank"">ybcI</a>"
"GyrA-expo-75","567635","567660","1.19","insF1","<a href=""http://regulondb.ccg.unam.mx/search?term=ECK120030781&organism=ECK12&type=All#OPERON"" target=""_blank"">emrE</a>,renD,insF1"
"GyrA-expo-76","572852","572886","1.62","ybcN","<a href=""http://regulondb.ccg.unam.mx/search?term=ECK120026685&organism=ECK12&type=All#OPERON"" target=""_blank"">ybcN,ninE,rusA,ylcG,ybcO</a>"
"GyrA-expo-77","573105","573134","1.19","ybcO","<a href=""http://regulondb.ccg.unam.mx/search?term=ECK120026685&organism=ECK12&type=All#OPERON"" target=""_blank"">ylcG,rusA,ybcO</a>"
"GyrA-expo-78","573310","573322","1.88","ybcO","<a href=""http://regulondb.ccg.unam.mx/search?term=ECK120026685&organism=ECK12&type=All#OPERON"" target=""_blank"">ylcG,rusA,ybcO</a>"
"GyrA-expo-79","603169","603201","1.42","pheP",""
"GyrA-expo-80","607286","607310","1.38","ybdK","<a href=""http://regulondb.ccg.unam.mx/search?term=ECK120026698&organism=ECK12&type=All#OPERON"" target=""_blank"">ybdK</a>"
"GyrA-expo-81","607380","607393","1.19","ybdK","<a href=""http://regulondb.ccg.unam.mx/search?term=ECK120015368&organism=ECK12&type=All#OPERON"" target=""_blank"">hokE</a>,<a href=""http://regulondb.ccg.unam.mx/search?term=ECK120026698&organism=ECK12&type=All#OPERON"" target=""_blank"">ybdK</a>"
"GyrA-expo-82","660037","660052","2.81","lipA","<a href=""http://regulondb.ccg.unam.mx/search?term=ECK120026712&organism=ECK12&type=All#OPERON"" target=""_blank"">lipA</a>"
"GyrA-expo-83","686036","686053","1.35","gltJ","<a href=""http://regulondb.ccg.unam.mx/search?term=ECK125199575&organism=ECK12&type=All#OPERON"" target=""_blank"">gltL,gltK,gltJ</a>"
"GyrA-expo-84","708853","708883","1.04","chiP",""
"GyrA-expo-85","718487","718514","1.19","speF","<a href=""http://regulondb.ccg.unam.mx/search?term=ECK120009548&organism=ECK12&type=All#OPERON"" target=""_blank"">potE,speF</a>"
"GyrA-expo-86","747372","747402","1.31","abrB","<a href=""http://regulondb.ccg.unam.mx/search?term=ECK120026739&organism=ECK12&type=All#OPERON"" target=""_blank"">abrB</a>"
"GyrA-expo-87","753427","753475","0.81","gltA",""
"GyrA-expo-88","753467","753494","1.27","gltA",""
"GyrA-expo-89","762860","762887","2.04","sucC","<a href=""http://regulondb.ccg.unam.mx/search?term=ECK120009295&organism=ECK12&type=All#OPERON"" target=""_blank"">sucC,sucD</a>"
"GyrA-expo-90","783019","783045","13.08","nadA","<a href=""http://regulondb.ccg.unam.mx/search?term=ECK120026745&organism=ECK12&type=All#OPERON"" target=""_blank"">pnuC,nadA</a>"
"GyrA-expo-91","786289","786311","1.58","aroG",""
"GyrA-expo-92","790159","790189","0.92","galT","<a href=""http://regulondb.ccg.unam.mx/search?term=ECK125300405&organism=ECK12&type=All#OPERON"" target=""_blank"">galK,galT,galM</a>"
"GyrA-expo-93","830233","830249","1.85","ybiH","ybhF,ybhS,ybhG,ybhR,ybiH"
"GyrA-expo-94","836930","836945","1.69","ybiC",""
"GyrA-expo-95","898910","898933","1.35","rlmC","<a href=""http://regulondb.ccg.unam.mx/search?term=ECK120026778&organism=ECK12&type=All#OPERON"" target=""_blank"">rlmC</a>"
"GyrA-expo-96","899694","899740","0.85","ybjQ",""
"GyrA-expo-97","925882","925904","2","cspD",""
"GyrA-expo-98","927169","927179","1.65","aat","<a href=""http://regulondb.ccg.unam.mx/search?term=ECK120026783&organism=ECK12&type=All#OPERON"" target=""_blank"">aat</a>"
"GyrA-expo-99","927338","927372","2.54","aat","<a href=""http://regulondb.ccg.unam.mx/search?term=ECK120026783&organism=ECK12&type=All#OPERON"" target=""_blank"">aat</a>"
"GyrA-expo-100","928009","928032","1.23","cydC",""
"GyrA-expo-101","951972","952004","1.12","pflB",""
"GyrA-expo-102","979770","979798","1.08","mukB",""
"GyrA-expo-103","980093","980118","1.46","mukB",""
"GyrA-expo-104","984630","984664","1.69","aspC",""
"GyrA-expo-105","985023","985055","1.42","aspC",""
"GyrA-expo-106","985303","985334","1.92","aspC","<a href=""http://regulondb.ccg.unam.mx/search?term=ECK120011059&organism=ECK12&type=All#OPERON"" target=""_blank"">aspC</a>"
"GyrA-expo-107","990755","990765","1.42","pepN","<a href=""http://regulondb.ccg.unam.mx/search?term=ECK120020435&organism=ECK12&type=All#OPERON"" target=""_blank"">pepN</a>,<a href=""http://regulondb.ccg.unam.mx/search?term=ECK120009386&organism=ECK12&type=All#OPERON"" target=""_blank"">pncB</a>"
"GyrA-expo-108","1015184","1015219","1.58","pqiC","<a href=""http://regulondb.ccg.unam.mx/search?term=ECK120030152&organism=ECK12&type=All#OPERON"" target=""_blank"">pqiC</a>"
"GyrA-expo-109","1015275","1015289","2.65","pqiC","<a href=""http://regulondb.ccg.unam.mx/search?term=ECK120030152&organism=ECK12&type=All#OPERON"" target=""_blank"">pqiC,rmf</a>"
"GyrA-expo-110","1017133","1017170","1.08","ycbZ",""
"GyrA-expo-111","1017668","1017716","0.81","ycbZ",""
"GyrA-expo-112","1018074","1018109","1.69","ycbZ","<a href=""http://regulondb.ccg.unam.mx/search?term=ECK120021102&organism=ECK12&type=All#OPERON"" target=""_blank"">matP</a>,<a href=""http://regulondb.ccg.unam.mx/search?term=ECK120026804&organism=ECK12&type=All#OPERON"" target=""_blank"">ycbZ</a>"
"GyrA-expo-113","1050253","1050280","2.85","insB1","<a href=""http://regulondb.ccg.unam.mx/search?term=ECK120026513&organism=ECK12&type=All#OPERON"" target=""_blank"">insB1</a>"
"GyrA-expo-114","1085442","1085464","1.23","phoH","<a href=""http://regulondb.ccg.unam.mx/search?term=ECK120009832&organism=ECK12&type=All#OPERON"" target=""_blank"">phoH</a>"
"GyrA-expo-115","1094621","1094648","1.15","insF1",""
"GyrA-expo-116","1097012","1097041","2.77","ghrA",""
"GyrA-expo-117","1097212","1097222","3.42","ghrA",""
"GyrA-expo-118","1097386","1097403","3.15","ghrA","<a href=""http://regulondb.ccg.unam.mx/search?term=ECK120026824&organism=ECK12&type=All#OPERON"" target=""_blank"">ghrA</a>"
"GyrA-expo-119","1097546","1097585","1.92","ghrA","<a href=""http://regulondb.ccg.unam.mx/search?term=ECK120026824&organism=ECK12&type=All#OPERON"" target=""_blank"">ghrA</a>"
"GyrA-expo-120","1113156","1113183","1.42","opgH","<a href=""http://regulondb.ccg.unam.mx/search?term=ECK120026829&organism=ECK12&type=All#OPERON"" target=""_blank"">yceK</a>"
"GyrA-expo-121","1115011","1115041","1.31","mdtG","<a href=""http://regulondb.ccg.unam.mx/search?term=ECK120026830&organism=ECK12&type=All#OPERON"" target=""_blank"">mdtG</a>"
"GyrA-expo-122","1120195","1120229","1.31","solA","<a href=""http://regulondb.ccg.unam.mx/search?term=ECK120026832&organism=ECK12&type=All#OPERON"" target=""_blank"">yceO,solA</a>"
"GyrA-expo-123","1141381","1141413","1.04","rne",""
"GyrA-expo-124","1169379","1169411","1.73","ldtC",""
"GyrA-expo-125","1169823","1169850","2.81","ldtC",""
"GyrA-expo-126","1178892","1178914","2.88","nagK","<a href=""http://regulondb.ccg.unam.mx/search?term=ECK120026847&organism=ECK12&type=All#OPERON"" target=""_blank"">nagK,cobB</a>"
"GyrA-expo-127","1179464","1179491","1.19","nagK","<a href=""http://regulondb.ccg.unam.mx/search?term=ECK120026847&organism=ECK12&type=All#OPERON"" target=""_blank"">nagK,cobB</a>"
"GyrA-expo-128","1196716","1196750","1.69","rluE",""
"GyrA-expo-129","1221647","1221662","1.12","ycgH_1",""
"GyrA-expo-130","1239042","1239072","1","dadX","<a href=""http://regulondb.ccg.unam.mx/search?term=ECK120009768&organism=ECK12&type=All#OPERON"" target=""_blank"">dadX</a>"
"GyrA-expo-131","1294265","1294297","1.96","hns",""
"GyrA-expo-132","1299840","1299873","1.19","oppA",""
"GyrA-expo-133","1302874","1302895","1.12","oppB","<a href=""http://regulondb.ccg.unam.mx/search?term=ECK125288992&organism=ECK12&type=All#OPERON"" target=""_blank"">oppD,oppF,oppB,oppC</a>"
"GyrA-expo-134","1317038","1317065","1.77","trpA","<a href=""http://regulondb.ccg.unam.mx/search?term=ECK120009734&organism=ECK12&type=All#OPERON"" target=""_blank"">trpA</a>"
"GyrA-expo-135","1327997","1328012","1.38","btuR","<a href=""http://regulondb.ccg.unam.mx/search?term=ECK120026900&organism=ECK12&type=All#OPERON"" target=""_blank"">btuR</a>"
"GyrA-expo-136","1342644","1342669","1.42","pyrF","<a href=""http://regulondb.ccg.unam.mx/search?term=ECK120011060&organism=ECK12&type=All#OPERON"" target=""_blank"">yciH,pyrF</a>"
"GyrA-expo-137","1342740","1342767","2.12","yciH","<a href=""http://regulondb.ccg.unam.mx/search?term=ECK120011060&organism=ECK12&type=All#OPERON"" target=""_blank"">yciH</a>"
"GyrA-expo-138","1345705","1345723","4.31","gmr",""
"GyrA-expo-139","1347677","1347709","1.42","rnb",""
"GyrA-expo-140","1396389","1396418","1.69","insH1","<a href=""http://regulondb.ccg.unam.mx/search?term=ECK120021245&organism=ECK12&type=All#OPERON"" target=""_blank"">ynaI,insH1</a>"
"GyrA-expo-141","1396918","1396941","1.19","insH1","<a href=""http://regulondb.ccg.unam.mx/search?term=ECK120026923&organism=ECK12&type=All#OPERON"" target=""_blank"">ynaJ</a>"
"GyrA-expo-142","1504627","1504659","1.27","insQ",""
"GyrA-expo-143","1593376","1593402","1.38","yneO_2",""
"GyrA-expo-144","1610713","1610727","2.08","uxaB","<a href=""http://regulondb.ccg.unam.mx/search?term=ECK125134714&organism=ECK12&type=All#OPERON"" target=""_blank"">uxaB</a>"
"GyrA-expo-145","1610854","1610868","1.08","uxaB","<a href=""http://regulondb.ccg.unam.mx/search?term=ECK125134714&organism=ECK12&type=All#OPERON"" target=""_blank"">uxaB</a>"
"GyrA-expo-146","1674203","1674233","1.04","tqsA","<a href=""http://regulondb.ccg.unam.mx/search?term=ECK120020476&organism=ECK12&type=All#OPERON"" target=""_blank"">tqsA</a>"
"GyrA-expo-147","1674556","1674579","1.15","tqsA",""
"GyrA-expo-148","1675026","1675053","1.46","pntB",""
"GyrA-expo-149","1675316","1675345","1.42","pntB",""
"GyrA-expo-150","1693807","1693840","1.35","uidB","<a href=""http://regulondb.ccg.unam.mx/search?term=ECK120009067&organism=ECK12&type=All#OPERON"" target=""_blank"">uidC,uidB</a>"
"GyrA-expo-151","1713968","1713992","3","dtpA","<a href=""http://regulondb.ccg.unam.mx/search?term=ECK120027049&organism=ECK12&type=All#OPERON"" target=""_blank"">gstA</a>"
"GyrA-expo-152","1744399","1744434","1.15","mdtK",""
"GyrA-expo-153","1758134","1758166","2.65","ldtE",""
"GyrA-expo-154","1758693","1758717","5.62","ldtE","<a href=""http://regulondb.ccg.unam.mx/search?term=ECK120027062&organism=ECK12&type=All#OPERON"" target=""_blank"">ldtE</a>"
"GyrA-expo-155","1758703","1758729","5.15","ldtE","<a href=""http://regulondb.ccg.unam.mx/search?term=ECK120027062&organism=ECK12&type=All#OPERON"" target=""_blank"">ldtE</a>"
"GyrA-expo-156","1759824","1759835","2","sufS",""
"GyrA-expo-157","1790255","1790277","1.35","ydiU",""
"GyrA-expo-158","1790335","1790361","1.62","ydiU",""
"GyrA-expo-159","1798397","1798406","1.23","pheS","<a href=""http://regulondb.ccg.unam.mx/search?term=ECK120011063&organism=ECK12&type=All#OPERON"" target=""_blank"">ihfA,pheT,pheS</a>"
"GyrA-expo-160","1811973","1812010","1.15","ydjN",""
"GyrA-expo-161","1813985","1814013","1.15","katE","<a href=""http://regulondb.ccg.unam.mx/search?term=ECK120009131&organism=ECK12&type=All#OPERON"" target=""_blank"">katE</a>,<a href=""http://regulondb.ccg.unam.mx/search?term=ECK120009820&organism=ECK12&type=All#OPERON"" target=""_blank"">cedA</a>"
"GyrA-expo-162","1864694","1864720","1.04","yeaD",""
"GyrA-expo-163","1869482","1869508","1.12","yeaH",""
"GyrA-expo-164","1909519","1909551","1.69","kdgR",""
"GyrA-expo-165","1909647","1909678","1.31","kdgR","<a href=""http://regulondb.ccg.unam.mx/search?term=ECK120021255&organism=ECK12&type=All#OPERON"" target=""_blank"">kdgR</a>"
"GyrA-expo-166","1911473","1911512","1.08","yebQ",""
"GyrA-expo-167","1990330","1990357","1.15","tyrP",""
"GyrA-expo-168","1991159","1991174","3.69","yecA","<a href=""http://regulondb.ccg.unam.mx/search?term=ECK120027143&organism=ECK12&type=All#OPERON"" target=""_blank"">yecA</a>"
"GyrA-expo-169","2026715","2026744","1.88","yedQ",""
"GyrA-expo-170","2059468","2059500","0.96","yeeO","<a href=""http://regulondb.ccg.unam.mx/search?term=ECK120027168&organism=ECK12&type=All#OPERON"" target=""_blank"">yeeO</a>"
"GyrA-expo-171","2086672","2086700","1.42","plaP","<a href=""http://regulondb.ccg.unam.mx/search?term=ECK120027180&organism=ECK12&type=All#OPERON"" target=""_blank"">plaP</a>"
"GyrA-expo-172","2096815","2096831","2.5","hisI","<a href=""http://regulondb.ccg.unam.mx/search?term=ECK120009156&organism=ECK12&type=All#OPERON"" target=""_blank"">hisI</a>"
"GyrA-expo-173","2097074","2097104","1.92","hisI","<a href=""http://regulondb.ccg.unam.mx/search?term=ECK120009156&organism=ECK12&type=All#OPERON"" target=""_blank"">hisI</a>"
"GyrA-expo-174","2097205","2097231","1.46","hisI",""
"GyrA-expo-175","2111316","2111338","1.04","rfbD","rfbD,wzxB,rfbA,rfbC"
"GyrA-expo-176","2173115","2173136","1.23","gatC_2","gatC_2,gatD"
"GyrA-expo-177","2174880","2174909","1.15","gatA","gatC_1,gatD,gatB,gatA,gatC_2"
"GyrA-expo-178","2242105","2242139","1.5","yeiB","<a href=""http://regulondb.ccg.unam.mx/search?term=ECK120009217&organism=ECK12&type=All#OPERON"" target=""_blank"">galS</a>"
"GyrA-expo-179","2275723","2275738","1.5","yejE","<a href=""http://regulondb.ccg.unam.mx/search?term=ECK120027242&organism=ECK12&type=All#OPERON"" target=""_blank"">yejE,yejF</a>"
"GyrA-expo-180","2276716","2276746","1.04","yejF","<a href=""http://regulondb.ccg.unam.mx/search?term=ECK120027242&organism=ECK12&type=All#OPERON"" target=""_blank"">yejF</a>"
"GyrA-expo-181","2290759","2290779","2","narP","<a href=""http://regulondb.ccg.unam.mx/search?term=ECK120021233&organism=ECK12&type=All#OPERON"" target=""_blank"">narP</a>"
"GyrA-expo-182","2304625","2304651","1.65","napF",""
"GyrA-expo-183","2304867","2304876","1.85","napF",""
"GyrA-expo-184","2304980","2305007","1.69","napF",""
"GyrA-expo-185","2316930","2316977","0.88","atoS",""
"GyrA-expo-186","2317775","2317801","0.96","rcsC",""
"GyrA-expo-187","2347229","2347233","1.15","nrdB","<a href=""http://regulondb.ccg.unam.mx/search?term=ECK120009240&organism=ECK12&type=All#OPERON"" target=""_blank"">nrdB,yfaE</a>"
"GyrA-expo-188","2347284","2347328","0.96","nrdB","<a href=""http://regulondb.ccg.unam.mx/search?term=ECK120009240&organism=ECK12&type=All#OPERON"" target=""_blank"">nrdB,yfaE</a>"
"GyrA-expo-189","2351824","2351852","1.81","glpT",""
"GyrA-expo-190","2390173","2390201","1.46","nuoN",""
"GyrA-expo-191","2391300","2391332","1.15","nuoN","<a href=""http://regulondb.ccg.unam.mx/search?term=ECK120033589&organism=ECK12&type=All#OPERON"" target=""_blank"">nuoN</a>"
"GyrA-expo-192","2391359","2391373","1.88","nuoN","<a href=""http://regulondb.ccg.unam.mx/search?term=ECK120033589&organism=ECK12&type=All#OPERON"" target=""_blank"">nuoN</a>"
"GyrA-expo-193","2417709","2417734","1.08","yfcC",""
"GyrA-expo-194","2422425","2422443","1.27","yfcH",""
"GyrA-expo-195","2424113","2424136","1","hisP","<a href=""http://regulondb.ccg.unam.mx/search?term=ECK120030805&organism=ECK12&type=All#OPERON"" target=""_blank"">hisP</a>"
"GyrA-expo-196","2424141","2424165","1.15","hisP","<a href=""http://regulondb.ccg.unam.mx/search?term=ECK120030805&organism=ECK12&type=All#OPERON"" target=""_blank"">hisP</a>"
"GyrA-expo-197","2465232","2465242","1.12","yfdC","<a href=""http://regulondb.ccg.unam.mx/search?term=ECK120027288&organism=ECK12&type=All#OPERON"" target=""_blank"">yfdC</a>,<a href=""http://regulondb.ccg.unam.mx/search?term=ECK120020481&organism=ECK12&type=All#OPERON"" target=""_blank"">mlaA</a>"
"GyrA-expo-198","2471995","2472021","1.65","yfdL","<a href=""http://regulondb.ccg.unam.mx/search?term=ECK120027292&organism=ECK12&type=All#OPERON"" target=""_blank"">yfdK,yfdL</a>"
"GyrA-expo-199","2479765","2479792","2.65","dsdA",""
"GyrA-expo-200","2479776","2479809","2.5","dsdA",""
"GyrA-expo-201","2506146","2506173","1.5","ypdF","<a href=""http://regulondb.ccg.unam.mx/search?term=ECK120027303&organism=ECK12&type=All#OPERON"" target=""_blank"">fryA,ypdF,ypdE</a>"
"GyrA-expo-202","2508734","2508766","1.46","glk","<a href=""http://regulondb.ccg.unam.mx/search?term=ECK120027303&organism=ECK12&type=All#OPERON"" target=""_blank"">ypdE,fryB,fryC,fryA,ypdF</a>"
"GyrA-expo-203","2515664","2515695","1.42","yfeA",""
"GyrA-expo-204","2528627","2528653","1.12","ligA","<a href=""http://regulondb.ccg.unam.mx/search?term=ECK120027309&organism=ECK12&type=All#OPERON"" target=""_blank"">ligA,ypeB</a>"
"GyrA-expo-205","2536953","2536984","2.81","pdxK","<a href=""http://regulondb.ccg.unam.mx/search?term=ECK120016549&organism=ECK12&type=All#OPERON"" target=""_blank"">yfeS,yfeK</a>,<a href=""http://regulondb.ccg.unam.mx/search?term=ECK120020433&organism=ECK12&type=All#OPERON"" target=""_blank"">pdxK</a>"
"GyrA-expo-206","2537155","2537176","2.27","pdxK","<a href=""http://regulondb.ccg.unam.mx/search?term=ECK120016549&organism=ECK12&type=All#OPERON"" target=""_blank"">yfeS,yfeK</a>,<a href=""http://regulondb.ccg.unam.mx/search?term=ECK120020433&organism=ECK12&type=All#OPERON"" target=""_blank"">pdxK</a>"
"GyrA-expo-207","2537422","2537452","1.5","yfeK","<a href=""http://regulondb.ccg.unam.mx/search?term=ECK120016549&organism=ECK12&type=All#OPERON"" target=""_blank"">yfeS,yfeK</a>,<a href=""http://regulondb.ccg.unam.mx/search?term=ECK120020433&organism=ECK12&type=All#OPERON"" target=""_blank"">pdxK</a>"
"GyrA-expo-208","2537532","2537552","1.35","yfeK","<a href=""http://regulondb.ccg.unam.mx/search?term=ECK120016549&organism=ECK12&type=All#OPERON"" target=""_blank"">yfeS,yfeK</a>,<a href=""http://regulondb.ccg.unam.mx/search?term=ECK120020433&organism=ECK12&type=All#OPERON"" target=""_blank"">pdxK</a>"
"GyrA-expo-209","2538159","2538188","1.15","yfeS","<a href=""http://regulondb.ccg.unam.mx/search?term=ECK120016549&organism=ECK12&type=All#OPERON"" target=""_blank"">yfeS</a>"
"GyrA-expo-210","2540345","2540372","1.23","cysA","<a href=""http://regulondb.ccg.unam.mx/search?term=ECK120009336&organism=ECK12&type=All#OPERON"" target=""_blank"">cysA,cysM</a>"
"GyrA-expo-211","2559100","2559125","1.77","intZ","<a href=""http://regulondb.ccg.unam.mx/search?term=ECK120027316&organism=ECK12&type=All#OPERON"" target=""_blank"">intZ</a>,<a href=""http://regulondb.ccg.unam.mx/search?term=ECK120027315&organism=ECK12&type=All#OPERON"" target=""_blank"">eutC,eutB,eutK,eutL,eutR</a>"
"GyrA-expo-212","2559376","2559404","2.62","intZ",""
"GyrA-expo-213","2559545","2559572","22.96","intZ",""
"GyrA-expo-214","2559558","2559585","22.88","intZ",""
"GyrA-expo-215","2559736","2559771","2.12","intZ",""
"GyrA-expo-216","2563379","2563424","0.85","yffQ","<a href=""http://regulondb.ccg.unam.mx/search?term=ECK120027320&organism=ECK12&type=All#OPERON"" target=""_blank"">yffR,yffQ</a>"
"GyrA-expo-217","2565289","2565333","0.96","yffS",""
"GyrA-expo-218","2593386","2593403","1.73","ypfH","<a href=""http://regulondb.ccg.unam.mx/search?term=ECK120027330&organism=ECK12&type=All#OPERON"" target=""_blank"">ypfH</a>"
"GyrA-expo-219","2627619","2627654","1.81","yfgF",""
"GyrA-expo-220","2630508","2630530","2.65","yfgI","<a href=""http://regulondb.ccg.unam.mx/search?term=ECK120027335&organism=ECK12&type=All#OPERON"" target=""_blank"">yfgI</a>"
"GyrA-expo-221","2631972","2632005","1.27","guaA",""
"GyrA-expo-222","2633390","2633419","1.77","guaB",""
"GyrA-expo-223","2633396","2633408","1.92","guaB",""
"GyrA-expo-224","2635279","2635319","0.96","xseA",""
"GyrA-expo-225","2637616","2637644","1.19","bamB","<a href=""http://regulondb.ccg.unam.mx/search?term=ECK120016551&organism=ECK12&type=All#OPERON"" target=""_blank"">der,bamB</a>"
"GyrA-expo-226","2638073","2638106","1.65","bamB",""
"GyrA-expo-227","2659428","2659454","2.04","hscB","<a href=""http://regulondb.ccg.unam.mx/search?term=ECK120009608&organism=ECK12&type=All#OPERON"" target=""_blank"">iscX,fdx,hscA,hscB</a>"
"GyrA-expo-228","2661827","2661863","1.12","iscR","<a href=""http://regulondb.ccg.unam.mx/search?term=ECK120008960&organism=ECK12&type=All#OPERON"" target=""_blank"">iscS,iscA,iscU,iscR</a>"
"GyrA-expo-229","2663051","2663080","0.96","trmJ","<a href=""http://regulondb.ccg.unam.mx/search?term=ECK120027344&organism=ECK12&type=All#OPERON"" target=""_blank"">suhB</a>,<a href=""http://regulondb.ccg.unam.mx/search?term=ECK120027343&organism=ECK12&type=All#OPERON"" target=""_blank"">trmJ</a>"
"GyrA-expo-230","2680017","2680050","0.88","yphG",""
"GyrA-expo-231","2695577","2695590","2","purL","<a href=""http://regulondb.ccg.unam.mx/search?term=ECK120016181&organism=ECK12&type=All#OPERON"" target=""_blank"">mltF</a>,<a href=""http://regulondb.ccg.unam.mx/search?term=ECK120009250&organism=ECK12&type=All#OPERON"" target=""_blank"">purL</a>"
"GyrA-expo-232","2698494","2698509","1.15","pgpC","<a href=""http://regulondb.ccg.unam.mx/search?term=ECK120027353&organism=ECK12&type=All#OPERON"" target=""_blank"">yfhH</a>,<a href=""http://regulondb.ccg.unam.mx/search?term=ECK120027352&organism=ECK12&type=All#OPERON"" target=""_blank"">pgpC,tadA</a>"
"GyrA-expo-233","2702354","2702379","1.12","recO","<a href=""http://regulondb.ccg.unam.mx/search?term=ECK120009771&organism=ECK12&type=All#OPERON"" target=""_blank"">pdxJ,acpS,recO</a>"
"GyrA-expo-234","2719782","2719807","1.19","yfiP","pka,yfiP"
"GyrA-expo-235","2720854","2720889","1.12","pka",""
"GyrA-expo-236","2721312","2721345","1.08","pka",""
"GyrA-expo-237","2722873","2722901","1.81","pssA","<a href=""http://regulondb.ccg.unam.mx/search?term=ECK120027357&organism=ECK12&type=All#OPERON"" target=""_blank"">pssA</a>"
"GyrA-expo-238","2722951","2722979","2.46","pssA","<a href=""http://regulondb.ccg.unam.mx/search?term=ECK120027357&organism=ECK12&type=All#OPERON"" target=""_blank"">pssA</a>"
"GyrA-expo-239","2724128","2724155","1.15","yfiM","<a href=""http://regulondb.ccg.unam.mx/search?term=ECK120027358&organism=ECK12&type=All#OPERON"" target=""_blank"">yfiM</a>"
"GyrA-expo-240","2724225","2724259","1.38","yfiM","<a href=""http://regulondb.ccg.unam.mx/search?term=ECK120027358&organism=ECK12&type=All#OPERON"" target=""_blank"">yfiM</a>"
"GyrA-expo-241","2724527","2724550","1.54","kgtP",""
"GyrA-expo-242","2724608","2724637","1.92","kgtP",""
"GyrA-expo-243","2724865","2724901","1.65","kgtP",""
"GyrA-expo-244","2725637","2725664","1.46","kgtP","<a href=""http://regulondb.ccg.unam.mx/search?term=ECK120027359&organism=ECK12&type=All#OPERON"" target=""_blank"">kgtP</a>"
"GyrA-expo-245","2726330","2726332","2.38","kgtP",""
"GyrA-expo-246","2726610","2726637","2.92","kgtP",""
"GyrA-expo-247","2726809","2726837","2.58","kgtP",""
"GyrA-expo-248","2727813","2727848","1.85","kgtP",""
"GyrA-expo-249","2727972","2728009","3.15","kgtP",""
"GyrA-expo-250","2728533","2728554","1.85","kgtP",""
"GyrA-expo-251","2729754","2729780","1.38","kgtP",""
"GyrA-expo-252","2730457","2730485","1.62","kgtP",""
"GyrA-expo-253","2730542","2730566","1.12","kgtP",""
"GyrA-expo-254","2731316","2731339","2","bamD",""
"GyrA-expo-255","2738414","2738463","1.08","pheA",""
"GyrA-expo-256","2739269","2739296","2.15","tyrA",""
"GyrA-expo-257","2741910","2741928","1.81","yfiR","yfiN,yfiR,yfiB"
"GyrA-expo-258","2741974","2742015","1.85","yfiR","yfiN,yfiR,yfiB"
"GyrA-expo-259","2744077","2744114","1.08","yfiB","<a href=""http://regulondb.ccg.unam.mx/search?term=ECK120027364&organism=ECK12&type=All#OPERON"" target=""_blank"">yfiB</a>"
"GyrA-expo-260","2744149","2744181","1.42","aroF",""
"GyrA-expo-261","2754224","2754249","2.73","ratB","ratB"
"GyrA-expo-262","2770091","2770119","1.08","yfjR","<a href=""http://regulondb.ccg.unam.mx/search?term=ECK120027379&organism=ECK12&type=All#OPERON"" target=""_blank"">yfjS,yfjR,ypjK,yfjT</a>"
"GyrA-expo-263","2811796","2811832","1.31","emrA","<a href=""http://regulondb.ccg.unam.mx/search?term=ECK120009642&organism=ECK12&type=All#OPERON"" target=""_blank"">emrB,emrA</a>"
"GyrA-expo-264","2811934","2811957","1.42","emrA",""
"GyrA-expo-265","2813978","2813993","2.54","emrB",""
"GyrA-expo-266","2816325","2816351","1.69","gshA","<a href=""http://regulondb.ccg.unam.mx/search?term=ECK120027398&organism=ECK12&type=All#OPERON"" target=""_blank"">gshA</a>"
"GyrA-expo-267","2870969","2870999","1.31","truD","<a href=""http://regulondb.ccg.unam.mx/search?term=ECK120030143&organism=ECK12&type=All#OPERON"" target=""_blank"">truD</a>"
"GyrA-expo-268","2886227","2886254","1.5","ygcB",""
"GyrA-expo-269","2904908","2904941","1.85","queE",""
"GyrA-expo-270","2905160","2905182","1.31","queE","yqcG,<a href=""http://regulondb.ccg.unam.mx/search?term=ECK120016229&organism=ECK12&type=All#OPERON"" target=""_blank"">queE</a>"
"GyrA-expo-271","2908897","2908924","1.69","pyrG",""
"GyrA-expo-272","2932449","2932475","1.77","fucO",""
"GyrA-expo-273","2952644","2952672","1.15","recB","<a href=""http://regulondb.ccg.unam.mx/search?term=ECK120027428&organism=ECK12&type=All#OPERON"" target=""_blank"">recD,recB</a>"
"GyrA-expo-274","2955419","2955485","1.27","recB",""
"GyrA-expo-275","2955446","2955475","1.46","recB",""
"GyrA-expo-276","2981155","2981158","1.08","araE",""
"GyrA-expo-277","3019827","3019863","1.12","ssnA",""
"GyrA-expo-278","3042481","3042505","1.15","yqfA",""
"GyrA-expo-279","3047909","3047932","2.88","gcvP",""
"GyrA-expo-280","3052945","3052976","1.38","ubiH",""
"GyrA-expo-281","3056048","3056079","1","fau","<a href=""http://regulondb.ccg.unam.mx/search?term=ECK125300335&organism=ECK12&type=All#OPERON"" target=""_blank"">fau</a>"
"GyrA-expo-282","3070589","3070614","1.46","fbaA",""
"GyrA-expo-283","3080568","3080593","1.35","tktA",""
"GyrA-expo-284","3087502","3087512","1.12","metK",""
"GyrA-expo-285","3095975","3096019","1.15","yggT","rdgB,yggT,yggW,yggU"
"GyrA-expo-286","3098149","3098159","1.77","yggW",""
"GyrA-expo-287","3098472","3098479","1.12","yggR",""
"GyrA-expo-288","3107248","3107263","1.23","speC",""
"GyrA-expo-289","3107990","3108021","1.54","speC",""
"GyrA-expo-290","3114447","3114479","1","pppA","<a href=""http://regulondb.ccg.unam.mx/search?term=ECK120027496&organism=ECK12&type=All#OPERON"" target=""_blank"">pppA</a>"
"GyrA-expo-291","3132278","3132313","1.12","yghQ","<a href=""http://regulondb.ccg.unam.mx/search?term=ECK120027498&organism=ECK12&type=All#OPERON"" target=""_blank"">yghQ</a>"
"GyrA-expo-292","3132329","3132354","1.58","yghQ","<a href=""http://regulondb.ccg.unam.mx/search?term=ECK120027498&organism=ECK12&type=All#OPERON"" target=""_blank"">yghQ</a>"
"GyrA-expo-293","3150004","3150027","0.92","yghA","<a href=""http://regulondb.ccg.unam.mx/search?term=ECK120027902&organism=ECK12&type=All#OPERON"" target=""_blank"">yghA</a>"
"GyrA-expo-294","3181912","3181940","2","ygiD","<a href=""http://regulondb.ccg.unam.mx/search?term=ECK120021178&organism=ECK12&type=All#OPERON"" target=""_blank"">ygiD</a>"
"GyrA-expo-295","3182102","3182147","1.31","ygiD","<a href=""http://regulondb.ccg.unam.mx/search?term=ECK120021094&organism=ECK12&type=All#OPERON"" target=""_blank"">zupT</a>,<a href=""http://regulondb.ccg.unam.mx/search?term=ECK120021178&organism=ECK12&type=All#OPERON"" target=""_blank"">ygiD</a>"
"GyrA-expo-296","3184177","3184202","1.23","ribB","<a href=""http://regulondb.ccg.unam.mx/search?term=ECK120027520&organism=ECK12&type=All#OPERON"" target=""_blank"">ribB</a>"
"GyrA-expo-297","3193654","3193672","1.15","yqiK",""
"GyrA-expo-298","3193908","3193931","1.46","yqiK",""
"GyrA-expo-299","3201067","3201109","0.96","ygiM","<a href=""http://regulondb.ccg.unam.mx/search?term=ECK120016557&organism=ECK12&type=All#OPERON"" target=""_blank"">ygiM,cca</a>,<a href=""http://regulondb.ccg.unam.mx/search?term=ECK120027528&organism=ECK12&type=All#OPERON"" target=""_blank"">ygiF,glnE</a>"
"GyrA-expo-300","3208843","3208871","1.27","ttdT",""
"GyrA-expo-301","3244801","3244812","1.77","uxaC","<a href=""http://regulondb.ccg.unam.mx/search?term=ECK120009341&organism=ECK12&type=All#OPERON"" target=""_blank"">exuT</a>,<a href=""http://regulondb.ccg.unam.mx/search?term=ECK120009062&organism=ECK12&type=All#OPERON"" target=""_blank"">uxaC,uxaA</a>"
"GyrA-expo-302","3257046","3257075","1.12","yhaO","yhaM,yhaO"
"GyrA-expo-303","3297242","3297269","1.31","yraQ",""
"GyrA-expo-304","3299182","3299215","1.46","yhbO","<a href=""http://regulondb.ccg.unam.mx/search?term=ECK120021006&organism=ECK12&type=All#OPERON"" target=""_blank"">yhbO</a>,<a href=""http://regulondb.ccg.unam.mx/search?term=ECK120027556&organism=ECK12&type=All#OPERON"" target=""_blank"">yraR</a>"
"GyrA-expo-305","3303780","3303803","1.12","yhbW","<a href=""http://regulondb.ccg.unam.mx/search?term=ECK120027559&organism=ECK12&type=All#OPERON"" target=""_blank"">yhbW</a>"
"GyrA-expo-306","3304705","3304735","1.15","mtr",""
"GyrA-expo-307","3304790","3304816","1.65","mtr",""
"GyrA-expo-308","3307026","3307050","1","deaD",""
"GyrA-expo-309","3308679","3308709","1.04","nlpI","<a href=""http://regulondb.ccg.unam.mx/search?term=ECK120027561&organism=ECK12&type=All#OPERON"" target=""_blank"">nlpI</a>"
"GyrA-expo-310","3319691","3319730","1.04","argG",""
"GyrA-expo-311","3321397","3321425","1.27","yhbX","<a href=""http://regulondb.ccg.unam.mx/search?term=ECK120027562&organism=ECK12&type=All#OPERON"" target=""_blank"">yhbX</a>"
"GyrA-expo-312","3329653","3329680","3.65","dacB",""
"GyrA-expo-313","3330492","3330522","1.58","greA",""
"GyrA-expo-314","3332646","3332691","1.73","yhbE","<a href=""http://regulondb.ccg.unam.mx/search?term=ECK120027564&organism=ECK12&type=All#OPERON"" target=""_blank"">obgE,yhbE</a>"
"GyrA-expo-315","3337490","3337495","2.54","mlaC","<a href=""http://regulondb.ccg.unam.mx/search?term=ECK125257174&organism=ECK12&type=All#OPERON"" target=""_blank"">mlaB,mlaC</a>"
"GyrA-expo-316","3339621","3339644","1.58","mlaF","<a href=""http://regulondb.ccg.unam.mx/search?term=ECK125257174&organism=ECK12&type=All#OPERON"" target=""_blank"">mlaE,mlaB,mlaC,mlaF,mlaD</a>"
"GyrA-expo-317","3349587","3349625","0.85","mtgA","<a href=""http://regulondb.ccg.unam.mx/search?term=ECK120027569&organism=ECK12&type=All#OPERON"" target=""_blank"">mtgA</a>"
"GyrA-expo-318","3349658","3349699","1.04","mtgA","<a href=""http://regulondb.ccg.unam.mx/search?term=ECK120027569&organism=ECK12&type=All#OPERON"" target=""_blank"">mtgA</a>"
"GyrA-expo-319","3359937","3359966","1.5","gltD",""
"GyrA-expo-320","3360076","3360104","2.27","gltD",""
"GyrA-expo-321","3361738","3361764","1.35","gltF","yhcA,yhcD,yhcE"
"GyrA-expo-322","3364081","3364097","2.65","yhcD",""
"GyrA-expo-323","3364564","3364584","1.23","yhcD",""
"GyrA-expo-324","3369897","3369921","1.38","nanK","<a href=""http://regulondb.ccg.unam.mx/search?term=ECK120008953&organism=ECK12&type=All#OPERON"" target=""_blank"">yhcH,nanK</a>"
"GyrA-expo-325","3376516","3376546","1.65","sspB","<a href=""http://regulondb.ccg.unam.mx/search?term=ECK120009549&organism=ECK12&type=All#OPERON"" target=""_blank"">sspB</a>"
"GyrA-expo-326","3383585","3383622","1.31","mdh",""
"GyrA-expo-327","3395039","3395067","1.54","yhdP",""
"GyrA-expo-328","3409452","3409482","1.85","prmA","<a href=""http://regulondb.ccg.unam.mx/search?term=ECK120009502&organism=ECK12&type=All#OPERON"" target=""_blank"">prmA</a>"
"GyrA-expo-329","3409756","3409781","3.35","prmA",""
"GyrA-expo-330","3409836","3409865","1.46","prmA","<a href=""http://regulondb.ccg.unam.mx/search?term=ECK120009214&organism=ECK12&type=All#OPERON"" target=""_blank"">dusB,fis</a>"
"GyrA-expo-331","3410324","3410342","2.19","dusB","<a href=""http://regulondb.ccg.unam.mx/search?term=ECK120009214&organism=ECK12&type=All#OPERON"" target=""_blank"">dusB,fis</a>"
"GyrA-expo-332","3419064","3419081","6.19","yhdW_1","<a href=""http://regulondb.ccg.unam.mx/search?term=ECK120008998&organism=ECK12&type=All#OPERON"" target=""_blank"">yhdY,yhdW_2,yhdZ,yhdX,yhdW</a>"
"GyrA-expo-333","3419116","3419158","1.35","yhdW_2","yhdW_2,yhdZ,yhdY,yhdX"
"GyrA-expo-334","3420620","3420649","1.42","yhdX","<a href=""http://regulondb.ccg.unam.mx/search?term=ECK120008998&organism=ECK12&type=All#OPERON"" target=""_blank"">yhdY,yhdZ,yhdX</a>"
"GyrA-expo-335","3421350","3421382","1.19","yhdY","<a href=""http://regulondb.ccg.unam.mx/search?term=ECK120008998&organism=ECK12&type=All#OPERON"" target=""_blank"">yhdY,yhdZ</a>"
"GyrA-expo-336","3421781","3421806","1.88","yhdY","<a href=""http://regulondb.ccg.unam.mx/search?term=ECK120008998&organism=ECK12&type=All#OPERON"" target=""_blank"">yhdY,yhdZ</a>"
"GyrA-expo-337","3422102","3422136","2.04","yhdY","<a href=""http://regulondb.ccg.unam.mx/search?term=ECK120008998&organism=ECK12&type=All#OPERON"" target=""_blank"">yhdY,yhdZ</a>"
"GyrA-expo-338","3423308","3423312","3.31","yrdA",""
"GyrA-expo-339","3423501","3423528","1.92","yrdA",""
"GyrA-expo-340","3423919","3423954","2.38","yrdA",""
"GyrA-expo-341","3424078","3424108","2.15","yrdA",""
"GyrA-expo-342","3424408","3424444","2.65","yrdA",""
"GyrA-expo-343","3425586","3425609","2.69","yrdA",""
"GyrA-expo-344","3425845","3425869","2.04","yrdA",""
"GyrA-expo-345","3427327","3427361","1.77","yrdA",""
"GyrA-expo-346","3428062","3428091","1.38","yrdA",""
"GyrA-expo-347","3428358","3428362","1.58","yrdA",""
"GyrA-expo-348","3428616","3428638","2.08","yrdA",""
"GyrA-expo-349","3438227","3438233","1.96","mscL","<a href=""http://regulondb.ccg.unam.mx/search?term=ECK120027587&organism=ECK12&type=All#OPERON"" target=""_blank"">mscL</a>"
"GyrA-expo-350","3439454","3439482","1","yhdN","<a href=""http://regulondb.ccg.unam.mx/search?term=ECK120027589&organism=ECK12&type=All#OPERON"" target=""_blank"">zntR,yhdN</a>"
"GyrA-expo-351","3440459","3440508","1.12","rpoA","<a href=""http://regulondb.ccg.unam.mx/search?term=ECK120009537&organism=ECK12&type=All#OPERON"" target=""_blank"">rplQ,rpoA</a>"
"GyrA-expo-352","3441212","3441240","1.19","rpsD","<a href=""http://regulondb.ccg.unam.mx/search?term=ECK120009537&organism=ECK12&type=All#OPERON"" target=""_blank"">rplQ,rpoA,rpsD</a>"
"GyrA-expo-353","3442586","3442598","1.12","rpsM","<a href=""http://regulondb.ccg.unam.mx/search?term=ECK120009537&organism=ECK12&type=All#OPERON"" target=""_blank"">rpsM,rpoA,rpsK,rplQ,rpsD</a>"
"GyrA-expo-354","3443303","3443332","1.38","secY",""
"GyrA-expo-355","3444323","3444348","1.5","rplO","<a href=""http://regulondb.ccg.unam.mx/search?term=ECK120009525&organism=ECK12&type=All#OPERON"" target=""_blank"">rpmJ,rplO,secY</a>"
"GyrA-expo-356","3446613","3446649","0.92","rpsN","<a href=""http://regulondb.ccg.unam.mx/search?term=ECK120009525&organism=ECK12&type=All#OPERON"" target=""_blank"">rpsE,rplR,rpsN,rpmJ,rplO,rpsH,rplF,secY,rpmD</a>"
"GyrA-expo-357","3448619","3448653","1.35","rpmC","<a href=""http://regulondb.ccg.unam.mx/search?term=ECK120009525&organism=ECK12&type=All#OPERON"" target=""_blank"">rpsE,rplR,rplX,rplE,rpsN,rpmC,rpmJ,rplO,rpsH,rplN,rpsQ,rplF,secY,rpmD</a>"
"GyrA-expo-358","3467270","3467295","1.04","chiA","<a href=""http://regulondb.ccg.unam.mx/search?term=ECK120027592&organism=ECK12&type=All#OPERON"" target=""_blank"">bfd,bfr</a>"
"GyrA-expo-359","3468255","3468285","1.65","chiA",""
"GyrA-expo-360","3468355","3468380","1.88","chiA",""
"GyrA-expo-361","3487023","3487051","1.65","yhfK","<a href=""http://regulondb.ccg.unam.mx/search?term=ECK120030138&organism=ECK12&type=All#OPERON"" target=""_blank"">yhfK</a>"
"GyrA-expo-362","3487155","3487184","3.04","yhfK","<a href=""http://regulondb.ccg.unam.mx/search?term=ECK120030138&organism=ECK12&type=All#OPERON"" target=""_blank"">yhfK</a>"
"GyrA-expo-363","3488349","3488381","1.38","yhfK",""
"GyrA-expo-364","3488489","3488524","1.54","yhfK",""
"GyrA-expo-365","3489057","3489086","1.62","argD",""
"GyrA-expo-366","3489192","3489224","1.15","argD",""
"GyrA-expo-367","3501064","3501099","1.58","frlA","<a href=""http://regulondb.ccg.unam.mx/search?term=ECK120016223&organism=ECK12&type=All#OPERON"" target=""_blank"">frlA,frlR,frlB,frlD,frlC</a>"
"GyrA-expo-368","3501123","3501155","1","frlA","<a href=""http://regulondb.ccg.unam.mx/search?term=ECK120016223&organism=ECK12&type=All#OPERON"" target=""_blank"">frlA,frlR,frlB,frlD,frlC</a>"
"GyrA-expo-369","3508401","3508427","1.23","php","<a href=""http://regulondb.ccg.unam.mx/search?term=ECK120027602&organism=ECK12&type=All#OPERON"" target=""_blank"">php,yhfT,yhfS,yhfU</a>"
"GyrA-expo-370","3509645","3509679","0.88","yhfW","<a href=""http://regulondb.ccg.unam.mx/search?term=ECK120027602&organism=ECK12&type=All#OPERON"" target=""_blank"">yhfW,yhfT,php,yhfS,yhfU</a>"
"GyrA-expo-371","3514901","3514934","1.23","rpe","<a href=""http://regulondb.ccg.unam.mx/search?term=ECK120009841&organism=ECK12&type=All#OPERON"" target=""_blank"">gph,rpe,trpS</a>"
"GyrA-expo-372","3541071","3541116","1.08","feoB",""
"GyrA-expo-373","3554853","3554875","1.73","malT",""
"GyrA-expo-374","3560933","3560962","1.62","glpG","glpR_2,glpR_1,glpG"
"GyrA-expo-375","3561352","3561381","1.23","glpG","glpR_2,glpR_1,glpG"
"GyrA-expo-376","3563236","3563264","1.62","glpD",""
"GyrA-expo-377","3565970","3565999","1.12","glgP",""
"GyrA-expo-378","3569417","3569443","1.23","glgX","<a href=""http://regulondb.ccg.unam.mx/search?term=ECK120030132&organism=ECK12&type=All#OPERON"" target=""_blank"">glgX,glgP,glgA,glgC</a>"
"GyrA-expo-379","3576948","3576964","1.04","gntU","<a href=""http://regulondb.ccg.unam.mx/search?term=ECK125136139&organism=ECK12&type=All#OPERON"" target=""_blank"">gntU</a>"
"GyrA-expo-380","3584040","3584069","1.42","insB1","<a href=""http://regulondb.ccg.unam.mx/search?term=ECK120026513&organism=ECK12&type=All#OPERON"" target=""_blank"">insB1</a>,yrhA"
"GyrA-expo-381","3586685","3586717","1.85","ggt","<a href=""http://regulondb.ccg.unam.mx/search?term=ECK120021013&organism=ECK12&type=All#OPERON"" target=""_blank"">yhhA</a>,<a href=""http://regulondb.ccg.unam.mx/search?term=ECK120021217&organism=ECK12&type=All#OPERON"" target=""_blank"">ggt</a>"
"GyrA-expo-382","3594501","3594539","1.27","livM","<a href=""http://regulondb.ccg.unam.mx/search?term=ECK120009375&organism=ECK12&type=All#OPERON"" target=""_blank"">livF,livM,livG</a>"
"GyrA-expo-383","3598909","3598950","2.62","livJ",""
"GyrA-expo-384","3625751","3625784","1.12","yhhJ",""
"GyrA-expo-385","3627419","3627431","1.54","rbbA",""
"GyrA-expo-386","3641014","3641044","0.88","dtpB","<a href=""http://regulondb.ccg.unam.mx/search?term=ECK120027633&organism=ECK12&type=All#OPERON"" target=""_blank"">dtpB</a>"
"GyrA-expo-387","3643348","3643374","1.35","prlC","<a href=""http://regulondb.ccg.unam.mx/search?term=ECK120027634&organism=ECK12&type=All#OPERON"" target=""_blank"">rsmJ,prlC</a>"
"GyrA-expo-388","3647746","3647791","0.69","dinQ","<a href=""http://regulondb.ccg.unam.mx/search?term=ECK120015365&organism=ECK12&type=All#OPERON"" target=""_blank"">dinQ</a>"
"GyrA-expo-389","3650662","3650685","2.5","arsC",""
"GyrA-expo-390","3675251","3675293","1.08","yhjE","<a href=""http://regulondb.ccg.unam.mx/search?term=ECK120027645&organism=ECK12&type=All#OPERON"" target=""_blank"">yhjE</a>"
"GyrA-expo-391","3675930","3675967","1.19","yhjE",""
"GyrA-expo-392","3676422","3676450","1.38","yhjG",""
"GyrA-expo-393","3681035","3681066","1.35","yhjJ",""
"GyrA-expo-394","3681677","3681701","1.23","yhjJ","<a href=""http://regulondb.ccg.unam.mx/search?term=ECK120016694&organism=ECK12&type=All#OPERON"" target=""_blank"">yhjJ</a>"
"GyrA-expo-395","3699906","3699930","2.08","yhjV",""
"GyrA-expo-396","3700050","3700083","2.69","ldrD","<a href=""http://regulondb.ccg.unam.mx/search?term=ECK120021260&organism=ECK12&type=All#OPERON"" target=""_blank"">ldrD</a>"
"GyrA-expo-397","3701468","3701494","2.15","yhjV",""
"GyrA-expo-398","3708654","3708682","1.08","dppA",""
"GyrA-expo-399","3716009","3716032","1.23","bisC","<a href=""http://regulondb.ccg.unam.mx/search?term=ECK120021195&organism=ECK12&type=All#OPERON"" target=""_blank"">bisC</a>"
"GyrA-expo-400","3720958","3720984","4.19","insJ","<a href=""http://regulondb.ccg.unam.mx/search?term=ECK120030203&organism=ECK12&type=All#OPERON"" target=""_blank"">insJ,insK</a>,<a href=""http://regulondb.ccg.unam.mx/search?term=ECK120021224&organism=ECK12&type=All#OPERON"" target=""_blank"">hokA,mokA</a>"
"GyrA-expo-401","3721266","3721305","3.62","insK","<a href=""http://regulondb.ccg.unam.mx/search?term=ECK120015364&organism=ECK12&type=All#OPERON"" target=""_blank"">insK</a>"
"GyrA-expo-402","3721547","3721596","0.92","insK","<a href=""http://regulondb.ccg.unam.mx/search?term=ECK120015364&organism=ECK12&type=All#OPERON"" target=""_blank"">insK</a>"
"GyrA-expo-403","3722666","3722695","1.85","glyS",""
"GyrA-expo-404","3723312","3723340","1.42","glyS",""
"GyrA-expo-405","3735518","3735557","0.92","xylR",""
"GyrA-expo-406","3735885","3735914","1.73","xylR",""
"GyrA-expo-407","3750654","3750681","1.12","sgbE","ysaD"
"GyrA-expo-408","3781417","3781443","1.73","trmL","<a href=""http://regulondb.ccg.unam.mx/search?term=ECK120027671&organism=ECK12&type=All#OPERON"" target=""_blank"">trmL</a>"
"GyrA-expo-409","3792226","3792255","3.46","kbl","<a href=""http://regulondb.ccg.unam.mx/search?term=ECK120009415&organism=ECK12&type=All#OPERON"" target=""_blank"">kbl,tdh</a>"
"GyrA-expo-410","3795214","3795246","1.38","waaF","<a href=""http://regulondb.ccg.unam.mx/search?term=ECK120009015&organism=ECK12&type=All#OPERON"" target=""_blank"">waaF,waaL,waaC</a>"
"GyrA-expo-411","3795922","3795947","1","waaF","<a href=""http://regulondb.ccg.unam.mx/search?term=ECK120009015&organism=ECK12&type=All#OPERON"" target=""_blank"">waaF,waaL,waaC</a>"
"GyrA-expo-412","3796245","3796278","3.42","waaC","<a href=""http://regulondb.ccg.unam.mx/search?term=ECK120009015&organism=ECK12&type=All#OPERON"" target=""_blank"">waaL,waaC</a>"
"GyrA-expo-413","3810079","3810100","1.19","coaD","<a href=""http://regulondb.ccg.unam.mx/search?term=ECK120009481&organism=ECK12&type=All#OPERON"" target=""_blank"">coaD</a>"
"GyrA-expo-414","3810980","3811002","2.27","mutM","<a href=""http://regulondb.ccg.unam.mx/search?term=ECK120009087&organism=ECK12&type=All#OPERON"" target=""_blank"">mutM</a>"
"GyrA-expo-415","3825578","3825593","3.5","recG","<a href=""http://regulondb.ccg.unam.mx/search?term=ECK125140832&organism=ECK12&type=All#OPERON"" target=""_blank"">recG</a>"
"GyrA-expo-416","3830660","3830684","1.08","yicH","<a href=""http://regulondb.ccg.unam.mx/search?term=ECK120027683&organism=ECK12&type=All#OPERON"" target=""_blank"">yicH</a>"
"GyrA-expo-417","3830802","3830836","1.12","yicH","<a href=""http://regulondb.ccg.unam.mx/search?term=ECK120027683&organism=ECK12&type=All#OPERON"" target=""_blank"">yicH</a>"
"GyrA-expo-418","3832627","3832661","0.96","yicI",""
"GyrA-expo-419","3841958","3841972","4.65","yicN","<a href=""http://regulondb.ccg.unam.mx/search?term=ECK120027688&organism=ECK12&type=All#OPERON"" target=""_blank"">nepI,yicN</a>"
"GyrA-expo-420","3848837","3848881","0.92","uhpB","<a href=""http://regulondb.ccg.unam.mx/search?term=ECK120009559&organism=ECK12&type=All#OPERON"" target=""_blank"">uhpC,uhpB</a>"
"GyrA-expo-421","3859260","3859295","1.23","yidK",""
"GyrA-expo-422","3865260","3865293","1.38","yidE",""
"GyrA-expo-423","3868373","3868422","0.92","yidR",""
"GyrA-expo-424","3868430","3868453","1.19","yidR",""
"GyrA-expo-425","3873569","3873600","1.46","dgoK","<a href=""http://regulondb.ccg.unam.mx/search?term=ECK120027694&organism=ECK12&type=All#OPERON"" target=""_blank"">dgoT,dgoD,dgoA</a>"
"GyrA-expo-426","3873666","3873703","1.12","dgoK","<a href=""http://regulondb.ccg.unam.mx/search?term=ECK120027694&organism=ECK12&type=All#OPERON"" target=""_blank"">dgoT,dgoD,dgoA,dgoK</a>"
"GyrA-expo-427","3877843","3877872","2.27","gyrB","<a href=""http://regulondb.ccg.unam.mx/search?term=ECK120027696&organism=ECK12&type=All#OPERON"" target=""_blank"">yidB</a>"
"GyrA-expo-428","3891511","3891535","1.73","mdtL","<a href=""http://regulondb.ccg.unam.mx/search?term=ECK120027698&organism=ECK12&type=All#OPERON"" target=""_blank"">mdtL</a>"
"GyrA-expo-429","3894443","3894474","1.58","yieE","yieE,chrR"
"GyrA-expo-430","3908437","3908469","1.23","pstB","<a href=""http://regulondb.ccg.unam.mx/search?term=ECK125134710&organism=ECK12&type=All#OPERON"" target=""_blank"">phoU,pstB</a>"
"GyrA-expo-431","3910922","3910950","1.69","pstS",""
"GyrA-expo-432","3911236","3911262","1.15","pstS","<a href=""http://regulondb.ccg.unam.mx/search?term=ECK120009393&organism=ECK12&type=All#OPERON"" target=""_blank"">pstB,phoU,pstS,pstA,pstC</a>"
"GyrA-expo-433","3914476","3914485","2.46","glmU",""
"GyrA-expo-434","3920526","3920552","1.35","atpF","<a href=""http://regulondb.ccg.unam.mx/search?term=ECK120009149&organism=ECK12&type=All#OPERON"" target=""_blank"">atpC,atpA,atpH,atpD,atpF,atpG</a>"
"GyrA-expo-435","3921043","3921076","1.04","atpE","<a href=""http://regulondb.ccg.unam.mx/search?term=ECK120009149&organism=ECK12&type=All#OPERON"" target=""_blank"">atpC,atpA,atpH,atpD,atpF,atpG,atpE</a>"
"GyrA-expo-436","3923313","3923341","1.62","rsmG","<a href=""http://regulondb.ccg.unam.mx/search?term=ECK125141554&organism=ECK12&type=All#OPERON"" target=""_blank"">rsmG</a>"
"GyrA-expo-437","3931159","3931186","1.58","ravA","<a href=""http://regulondb.ccg.unam.mx/search?term=ECK120027708&organism=ECK12&type=All#OPERON"" target=""_blank"">kup</a>,<a href=""http://regulondb.ccg.unam.mx/search?term=ECK120027707&organism=ECK12&type=All#OPERON"" target=""_blank"">ravA,viaA</a>"
"GyrA-expo-438","3946710","3946734","1.27","yifE",""
"GyrA-expo-439","3947636","3947664","1.58","hdfR","yifE,<a href=""http://regulondb.ccg.unam.mx/search?term=ECK120021222&organism=ECK12&type=All#OPERON"" target=""_blank"">hdfR</a>"
"GyrA-expo-440","3947707","3947720","2.46","hdfR","yifE,<a href=""http://regulondb.ccg.unam.mx/search?term=ECK120021222&organism=ECK12&type=All#OPERON"" target=""_blank"">hdfR</a>"
"GyrA-expo-441","3948300","3948336","1.42","yifE","yifE,<a href=""http://regulondb.ccg.unam.mx/search?term=ECK120021222&organism=ECK12&type=All#OPERON"" target=""_blank"">hdfR</a>"
"GyrA-expo-442","3948759","3948792","1.5","yifB",""
"GyrA-expo-443","3949474","3949510","1.23","yifB","<a href=""http://regulondb.ccg.unam.mx/search?term=ECK120021033&organism=ECK12&type=All#OPERON"" target=""_blank"">yifB</a>"
"GyrA-expo-444","3949659","3949680","4.73","yifB","<a href=""http://regulondb.ccg.unam.mx/search?term=ECK120021033&organism=ECK12&type=All#OPERON"" target=""_blank"">yifB</a>"
"GyrA-expo-445","3951560","3951588","1.31","ilvG_2","<a href=""http://regulondb.ccg.unam.mx/search?term=ECK120009787&organism=ECK12&type=All#OPERON"" target=""_blank"">ilvD,ilvA,ilvM,ilvE,ilvG_2</a>"
"GyrA-expo-446","3954235","3954247","1","ilvD",""
"GyrA-expo-447","3954613","3954651","1","ilvD",""
"GyrA-expo-448","3954725","3954751","1.88","ilvD",""
"GyrA-expo-449","3958778","3958812","1.46","ilvC",""
"GyrA-expo-450","3959364","3959404","1.69","ilvC",""
"GyrA-expo-451","3961261","3961290","1.12","rep",""
"GyrA-expo-452","3961890","3961921","2.77","rep",""
"GyrA-expo-453","3962176","3962205","1.23","rep",""
"GyrA-expo-454","3962294","3962320","1.27","rep",""
"GyrA-expo-455","3964032","3964057","1.04","gpp","<a href=""http://regulondb.ccg.unam.mx/search?term=ECK120027712&organism=ECK12&type=All#OPERON"" target=""_blank"">gpp</a>"
"GyrA-expo-456","3968366","3968395","1.73","wecA","wecA,wecG,wecC,wecE,wzzE,wecF,rffH,wzxE,wecB,wzyE,rffG,wecD"
"GyrA-expo-457","3979959","3979988","1.85","wecG","wecG"
"GyrA-expo-458","3980945","3980972","2.23","yifK","<a href=""http://regulondb.ccg.unam.mx/search?term=ECK120027716&organism=ECK12&type=All#OPERON"" target=""_blank"">yifK</a>"
"GyrA-expo-459","3982653","3982667","2","aslB","<a href=""http://regulondb.ccg.unam.mx/search?term=ECK120026317&organism=ECK12&type=All#OPERON"" target=""_blank"">aslB</a>"
"GyrA-expo-460","3983165","3983190","2.23","aslB","<a href=""http://regulondb.ccg.unam.mx/search?term=ECK120026317&organism=ECK12&type=All#OPERON"" target=""_blank"">aslB</a>"
"GyrA-expo-461","3984254","3984264","1.08","cyaA",""
"GyrA-expo-462","3986772","3986791","2.12","hemY",""
"GyrA-expo-463","3995383","3995413","1.31","dapF","<a href=""http://regulondb.ccg.unam.mx/search?term=ECK120027718&organism=ECK12&type=All#OPERON"" target=""_blank"">yigB,xerC,dapF,yigA</a>"
"GyrA-expo-464","3999044","3999066","1.12","uvrD",""
"GyrA-expo-465","3999376","3999402","1.5","uvrD",""
"GyrA-expo-466","4000848","4000873","1.31","yigE","<a href=""http://regulondb.ccg.unam.mx/search?term=ECK120021035&organism=ECK12&type=All#OPERON"" target=""_blank"">yigE</a>"
"GyrA-expo-467","4007871","4007898","1.35","rhtC","<a href=""http://regulondb.ccg.unam.mx/search?term=ECK120027724&organism=ECK12&type=All#OPERON"" target=""_blank"">rhtC</a>"
"GyrA-expo-468","4011358","4011392","0.85","yigM","yigM"
"GyrA-expo-469","4016492","4016524","1.19","udp","<a href=""http://regulondb.ccg.unam.mx/search?term=ECK120009326&organism=ECK12&type=All#OPERON"" target=""_blank"">udp</a>,<a href=""http://regulondb.ccg.unam.mx/search?term=ECK120021089&organism=ECK12&type=All#OPERON"" target=""_blank"">ysgA</a>"
"GyrA-expo-470","4018140","4018187","1.12","rmuC",""
"GyrA-expo-471","4038640","4038688","0.85","yihD",""
"GyrA-expo-472","4038691","4038718","2","yihD",""
"GyrA-expo-473","4040821","4040854","2.54","yihD",""
"GyrA-expo-474","4040880","4040906","1.81","mobB",""
"GyrA-expo-475","4042834","4042861","3.15","srkA","<a href=""http://regulondb.ccg.unam.mx/search?term=ECK120008918&organism=ECK12&type=All#OPERON"" target=""_blank"">srkA,dsbA</a>"
"GyrA-expo-476","4051500","4051519","1.81","yihI","<a href=""http://regulondb.ccg.unam.mx/search?term=ECK120027735&organism=ECK12&type=All#OPERON"" target=""_blank"">yihI</a>"
"GyrA-expo-477","4054264","4054288","1.23","glnG",""
"GyrA-expo-478","4056473","4056509","1.35","glnL","<a href=""http://regulondb.ccg.unam.mx/search?term=ECK120009221&organism=ECK12&type=All#OPERON"" target=""_blank"">glnL,glnG</a>"
"GyrA-expo-479","4056551","4056581","1.38","glnL","<a href=""http://regulondb.ccg.unam.mx/search?term=ECK120009221&organism=ECK12&type=All#OPERON"" target=""_blank"">glnL,glnG</a>"
"GyrA-expo-480","4077737","4077752","2.19","yiiD","yiiD"
"GyrA-expo-481","4080055","4080063","1.04","fdhD",""
"GyrA-expo-482","4080519","4080551","1.81","fdhE",""
"GyrA-expo-483","4098731","4098741","1.08","rhaR","<a href=""http://regulondb.ccg.unam.mx/search?term=ECK120009256&organism=ECK12&type=All#OPERON"" target=""_blank"">rhaR</a>"
"GyrA-expo-484","4108305","4108332","1.04","pfkA",""
"GyrA-expo-485","4110819","4110847","1.58","tpiA",""
"GyrA-expo-486","4115646","4115673","1.58","glpX","<a href=""http://regulondb.ccg.unam.mx/search?term=ECK120009364&organism=ECK12&type=All#OPERON"" target=""_blank"">glpX</a>"
"GyrA-expo-487","4119630","4119657","1.15","menA","<a href=""http://regulondb.ccg.unam.mx/search?term=ECK120010877&organism=ECK12&type=All#OPERON"" target=""_blank"">menA,rraA</a>"
"GyrA-expo-488","4142756","4142784","0.96","frwC","<a href=""http://regulondb.ccg.unam.mx/search?term=ECK120027766&organism=ECK12&type=All#OPERON"" target=""_blank"">frwB,frwC</a>"
"GyrA-expo-489","4143002","4143027","1.31","frwC","<a href=""http://regulondb.ccg.unam.mx/search?term=ECK120027766&organism=ECK12&type=All#OPERON"" target=""_blank"">frwB,frwC</a>"
"GyrA-expo-490","4147180","4147205","1.73","frwD","<a href=""http://regulondb.ccg.unam.mx/search?term=ECK120030140&organism=ECK12&type=All#OPERON"" target=""_blank"">frwD</a>"
"GyrA-expo-491","4147754","4147781","1.54","yijO",""
"GyrA-expo-492","4147883","4147911","1.31","yijO","<a href=""http://regulondb.ccg.unam.mx/search?term=ECK120027767&organism=ECK12&type=All#OPERON"" target=""_blank"">yijO</a>"
"GyrA-expo-493","4150459","4150491","1.62","ppc","<a href=""http://regulondb.ccg.unam.mx/search?term=ECK120027768&organism=ECK12&type=All#OPERON"" target=""_blank"">eptC</a>"
"GyrA-expo-494","4150539","4150574","1.38","ppc","<a href=""http://regulondb.ccg.unam.mx/search?term=ECK120027768&organism=ECK12&type=All#OPERON"" target=""_blank"">eptC</a>"
"GyrA-expo-495","4171413","4171456","1.69","murB",""
"GyrA-expo-496","4172397","4172424","1.04","murB","<a href=""http://regulondb.ccg.unam.mx/search?term=ECK120027772&organism=ECK12&type=All#OPERON"" target=""_blank"">birA,murB</a>"
"GyrA-expo-497","4172869","4172902","1.27","murB","<a href=""http://regulondb.ccg.unam.mx/search?term=ECK120027772&organism=ECK12&type=All#OPERON"" target=""_blank"">birA,murB</a>"
"GyrA-expo-498","4173284","4173316","1.96","birA","<a href=""http://regulondb.ccg.unam.mx/search?term=ECK120027772&organism=ECK12&type=All#OPERON"" target=""_blank"">birA</a>"
"GyrA-expo-499","4173674","4173716","1.12","birA",""
"GyrA-expo-500","4179788","4179814","1.23","rplJ","<a href=""http://regulondb.ccg.unam.mx/search?term=ECK120009523&organism=ECK12&type=All#OPERON"" target=""_blank"">rplL,rpoB,rplJ,rpoC</a>"
"GyrA-expo-501","4180350","4180385","1.08","rplJ","<a href=""http://regulondb.ccg.unam.mx/search?term=ECK120009523&organism=ECK12&type=All#OPERON"" target=""_blank"">rplL,rpoB,rplJ,rpoC</a>"
"GyrA-expo-502","4180986","4181017","1.35","rpoB","<a href=""http://regulondb.ccg.unam.mx/search?term=ECK120009179&organism=ECK12&type=All#OPERON"" target=""_blank"">rpoB,rpoC</a>"
"GyrA-expo-503","4187826","4187856","1.19","rpoC",""
"GyrA-expo-504","4187982","4188007","1.04","rpoC",""
"GyrA-expo-505","4188126","4188147","1.12","rpoC",""
"GyrA-expo-506","4188752","4188775","1.77","rpoC",""
"GyrA-expo-507","4189448","4189474","1.85","rpoC","<a href=""http://regulondb.ccg.unam.mx/search?term=ECK120009585&organism=ECK12&type=All#OPERON"" target=""_blank"">yjaZ</a>"
"GyrA-expo-508","4189912","4189926","4.04","yjaZ","<a href=""http://regulondb.ccg.unam.mx/search?term=ECK120009585&organism=ECK12&type=All#OPERON"" target=""_blank"">yjaZ</a>"
"GyrA-expo-509","4190141","4190154","4.5","yjaZ","<a href=""http://regulondb.ccg.unam.mx/search?term=ECK120009585&organism=ECK12&type=All#OPERON"" target=""_blank"">yjaZ</a>"
"GyrA-expo-510","4190339","4190367","1.92","nudC",""
"GyrA-expo-511","4190946","4190970","1.27","thiH",""
"GyrA-expo-512","4191200","4191229","1.58","thiH",""
"GyrA-expo-513","4191752","4191785","1.88","thiH","<a href=""http://regulondb.ccg.unam.mx/search?term=ECK120009553&organism=ECK12&type=All#OPERON"" target=""_blank"">thiH</a>"
"GyrA-expo-514","4191869","4191896","1","thiG","<a href=""http://regulondb.ccg.unam.mx/search?term=ECK120009553&organism=ECK12&type=All#OPERON"" target=""_blank"">thiH,thiG</a>"
"GyrA-expo-515","4193006","4193033","1.5","thiF","<a href=""http://regulondb.ccg.unam.mx/search?term=ECK120009553&organism=ECK12&type=All#OPERON"" target=""_blank"">thiS,thiF,thiH,thiG</a>"
"GyrA-expo-516","4213561","4213590","1.46","yjaA","<a href=""http://regulondb.ccg.unam.mx/search?term=ECK120027778&organism=ECK12&type=All#OPERON"" target=""_blank"">yjaA</a>"
"GyrA-expo-517","4213690","4213716","1.73","yjaB","<a href=""http://regulondb.ccg.unam.mx/search?term=ECK120009066&organism=ECK12&type=All#OPERON"" target=""_blank"">yjaB</a>"
"GyrA-expo-518","4214829","4214857","1.69","metA",""
"GyrA-expo-519","4218216","4218248","1.73","aceA","<a href=""http://regulondb.ccg.unam.mx/search?term=ECK120009194&organism=ECK12&type=All#OPERON"" target=""_blank"">aceA,aceK</a>"
"GyrA-expo-520","4219065","4219083","1.23","aceK","<a href=""http://regulondb.ccg.unam.mx/search?term=ECK120033577&organism=ECK12&type=All#OPERON"" target=""_blank"">aceK</a>"
"GyrA-expo-521","4219386","4219422","1.27","aceK",""
"GyrA-expo-522","4219508","4219540","1.31","aceK",""
"GyrA-expo-523","4219902","4219935","1","aceK",""
"GyrA-expo-524","4220195","4220217","0.96","aceK",""
"GyrA-expo-525","4225853","4225883","1.38","metH",""
"GyrA-expo-526","4227772","4227803","2.08","yjbB","<a href=""http://regulondb.ccg.unam.mx/search?term=ECK120027780&organism=ECK12&type=All#OPERON"" target=""_blank"">yjbB</a>"
"GyrA-expo-527","4227821","4227854","1.46","yjbB","<a href=""http://regulondb.ccg.unam.mx/search?term=ECK120027780&organism=ECK12&type=All#OPERON"" target=""_blank"">yjbB</a>"
"GyrA-expo-528","4230038","4230060","1.23","pepE","<a href=""http://regulondb.ccg.unam.mx/search?term=ECK120020451&organism=ECK12&type=All#OPERON"" target=""_blank"">rluF</a>,<a href=""http://regulondb.ccg.unam.mx/search?term=ECK120020434&organism=ECK12&type=All#OPERON"" target=""_blank"">pepE</a>"
"GyrA-expo-529","4230985","4231009","1.08","rluF",""
"GyrA-expo-530","4231371","4231375","1.08","yjbD","<a href=""http://regulondb.ccg.unam.mx/search?term=ECK120027781&organism=ECK12&type=All#OPERON"" target=""_blank"">yjbD</a>"
"GyrA-expo-531","4249364","4249395","1.5","malM","<a href=""http://regulondb.ccg.unam.mx/search?term=ECK120009315&organism=ECK12&type=All#OPERON"" target=""_blank"">malM</a>"
"GyrA-expo-532","4254233","4254260","1.77","plsB",""
"GyrA-expo-533","4264055","4264093","1.35","qorA","<a href=""http://regulondb.ccg.unam.mx/search?term=ECK120027792&organism=ECK12&type=All#OPERON"" target=""_blank"">dnaB</a>,<a href=""http://regulondb.ccg.unam.mx/search?term=ECK120029339&organism=ECK12&type=All#OPERON"" target=""_blank"">qorA</a>"
"GyrA-expo-534","4267351","4267353","1.27","tyrB","<a href=""http://regulondb.ccg.unam.mx/search?term=ECK120009280&organism=ECK12&type=All#OPERON"" target=""_blank"">tyrB</a>"
"GyrA-expo-535","4272161","4272187","1.62","uvrA",""
"GyrA-expo-536","4280696","4280720","1.23","yjcE",""
"GyrA-expo-537","4280920","4280954","1.5","yjcE",""
"GyrA-expo-538","4281156","4281189","1.23","yjcE",""
"GyrA-expo-539","4291176","4291200","1.27","nrfD","<a href=""http://regulondb.ccg.unam.mx/search?term=ECK120009390&organism=ECK12&type=All#OPERON"" target=""_blank"">nrfD,nrfE,nrfF,nrfG</a>"
"GyrA-expo-540","4295549","4295589","0.96","gltP",""
"GyrA-expo-541","4334668","4334708","0.92","eptA",""
"GyrA-expo-542","4363822","4363858","1.27","dsbD",""
"GyrA-expo-543","4364017","4364041","1.38","dsbD",""
"GyrA-expo-544","4364495","4364528","1.62","dsbD",""
"GyrA-expo-545","4364534","4364563","1.69","dsbD",""
"GyrA-expo-546","4372560","4372585","1.46","groL","<a href=""http://regulondb.ccg.unam.mx/search?term=ECK120027813&organism=ECK12&type=All#OPERON"" target=""_blank"">yjeI</a>"
"GyrA-expo-547","4376317","4376343","8.42","ecnA","<a href=""http://regulondb.ccg.unam.mx/search?term=ECK120027817&organism=ECK12&type=All#OPERON"" target=""_blank"">ecnA,ecnB</a>"
"GyrA-expo-548","4386086","4386118","1.88","mscM",""
"GyrA-expo-549","4386153","4386165","2.27","mscM",""
"GyrA-expo-550","4387132","4387165","1.15","mscM",""
"GyrA-expo-551","4407632","4407655","2.15","rnr",""
"GyrA-expo-552","4411093","4411119","1.85","yjfJ","<a href=""http://regulondb.ccg.unam.mx/search?term=ECK120027826&organism=ECK12&type=All#OPERON"" target=""_blank"">yjfM,yjfK,yjfC,yjfL</a>"
"GyrA-expo-553","4426707","4426731","0.96","yjfZ",""
"GyrA-expo-554","4431187","4431217","1.08","cycA",""
"GyrA-expo-555","4434235","4434283","1.35","ytfH","<a href=""http://regulondb.ccg.unam.mx/search?term=ECK120021092&organism=ECK12&type=All#OPERON"" target=""_blank"">ytfH</a>,<a href=""http://regulondb.ccg.unam.mx/search?term=ECK120027833&organism=ECK12&type=All#OPERON"" target=""_blank"">qorB</a>"
"GyrA-expo-556","4446213","4446244","1.19","tamB",""
"GyrA-expo-557","4448072","4448102","1.85","ytfP","<a href=""http://regulondb.ccg.unam.mx/search?term=ECK120009440&organism=ECK12&type=All#OPERON"" target=""_blank"">ytfP,chpS,chpB</a>"
"GyrA-expo-558","4448093","4448124","1.92","ytfP","<a href=""http://regulondb.ccg.unam.mx/search?term=ECK120009440&organism=ECK12&type=All#OPERON"" target=""_blank"">ytfP,chpS,chpB</a>"
"GyrA-expo-559","4448819","4448847","1.58","chpB","<a href=""http://regulondb.ccg.unam.mx/search?term=ECK120009440&organism=ECK12&type=All#OPERON"" target=""_blank"">chpB</a>"
"GyrA-expo-560","4463056","4463082","1.04","treC","<a href=""http://regulondb.ccg.unam.mx/search?term=ECK120009049&organism=ECK12&type=All#OPERON"" target=""_blank"">nrdD,nrdG</a>"
"GyrA-expo-561","4464883","4464903","1.15","treB","<a href=""http://regulondb.ccg.unam.mx/search?term=ECK120009404&organism=ECK12&type=All#OPERON"" target=""_blank"">treC,treB</a>"
"GyrA-expo-562","4478091","4478114","1.15","argI","<a href=""http://regulondb.ccg.unam.mx/search?term=ECK125095422&organism=ECK12&type=All#OPERON"" target=""_blank"">rraB</a>,<a href=""http://regulondb.ccg.unam.mx/search?term=ECK120009199&organism=ECK12&type=All#OPERON"" target=""_blank"">argI</a>"
"GyrA-expo-563","4481357","4481392","1.88","valS",""
"GyrA-expo-564","4481993","4482015","1.42","valS",""
"GyrA-expo-565","4487672","4487702","1.08","lptG","<a href=""http://regulondb.ccg.unam.mx/search?term=ECK120027847&organism=ECK12&type=All#OPERON"" target=""_blank"">lptG</a>"
"GyrA-expo-566","4508015","4508052","1.12","insI1",""
"GyrA-expo-567","4509607","4509636","1.31","insO_3","<a href=""http://regulondb.ccg.unam.mx/search?term=ECK120027859&organism=ECK12&type=All#OPERON"" target=""_blank"">yjhV</a>,<a href=""http://regulondb.ccg.unam.mx/search?term=ECK120027856&organism=ECK12&type=All#OPERON"" target=""_blank"">insO</a>"
"GyrA-expo-568","4511615","4511645","1.35","fecD","<a href=""http://regulondb.ccg.unam.mx/search?term=ECK120009342&organism=ECK12&type=All#OPERON"" target=""_blank"">fecE,fecD</a>"
"GyrA-expo-569","4519030","4519064","0.96","insB1","<a href=""http://regulondb.ccg.unam.mx/search?term=ECK120026513&organism=ECK12&type=All#OPERON"" target=""_blank"">insB1</a>"
"GyrA-expo-570","4547103","4547132","1.27","fimD",""
"GyrA-expo-571","4551493","4551505","1.19","uxuA","<a href=""http://regulondb.ccg.unam.mx/search?term=ECK120009708&organism=ECK12&type=All#OPERON"" target=""_blank"">uxuB,uxuA</a>,<a href=""http://regulondb.ccg.unam.mx/search?term=ECK120009058&organism=ECK12&type=All#OPERON"" target=""_blank"">gntP</a>"
"GyrA-expo-572","4558306","4558339","1.5","hypT","<a href=""http://regulondb.ccg.unam.mx/search?term=ECK120027869&organism=ECK12&type=All#OPERON"" target=""_blank"">hypT</a>"
"GyrA-expo-573","4576474","4576501","1.5","yjiV",""
"GyrA-expo-574","4596620","4596649","1.23","lgoD",""
"GyrA-expo-575","4597638","4597665","1.5","opgB",""
"GyrA-expo-576","4626192","4626223","0.96","radA","<a href=""http://regulondb.ccg.unam.mx/search?term=ECK120027896&organism=ECK12&type=All#OPERON"" target=""_blank"">radA,nadR</a>"
"GyrA-expo-577","4632905","4632926","1.19","trpR","<a href=""http://regulondb.ccg.unam.mx/search?term=ECK120009410&organism=ECK12&type=All#OPERON"" target=""_blank"">trpR</a>"
"GyrA-expo-578","4633557","4633592","1.15","yjjX","<a href=""http://regulondb.ccg.unam.mx/search?term=ECK120021093&organism=ECK12&type=All#OPERON"" target=""_blank"">ytjC</a>,<a href=""http://regulondb.ccg.unam.mx/search?term=ECK120021058&organism=ECK12&type=All#OPERON"" target=""_blank"">yjjX</a>"